64, 0.002119
66, 0.000506
68, 0.000479
70, 0.000434
72, 0.000544
74, 0.000436
76, 0.000439
78, 0.000439
80, 0.000799
82, 0.000442
84, 0.000455
86, 0.000443
88, 0.000565
90, 0.000443
92, 0.000444
94, 0.000444
96, 0.001382
98, 0.000504
100, 0.000510
102, 0.000446
104, 0.000582
106, 0.000729
108, 0.000542
110, 0.000471
112, 0.000943
114, 0.000477
116, 0.000535
118, 0.000448
120, 0.000485
122, 0.000469
124, 0.000450
126, 0.000450
128, 0.001293
130, 0.000491
132, 0.000502
134, 0.000450
136, 0.000595
138, 0.000451
140, 0.000448
142, 0.000470
144, 0.000796
146, 0.000455
148, 0.000460
150, 0.000472
152, 0.000495
154, 0.000452
156, 0.000451
158, 0.000452
160, 0.001332
162, 0.000473
164, 0.000494
166, 0.000453
168, 0.000588
170, 0.000453
172, 0.000454
174, 0.000453
176, 0.000808
178, 0.000457
180, 0.000505
182, 0.000477
184, 0.000889
186, 0.000376
188, 0.000435
190, 0.000381
192, 0.001707
194, 0.000435
196, 0.000493
198, 0.000364
200, 0.000525
202, 0.000361
204, 0.000389
206, 0.000371
208, 0.001058
210, 0.000428
212, 0.000446
214, 0.000366
216, 0.001099
218, 0.000383
220, 0.000446
222, 0.000478
224, 0.001411
226, 0.000483
228, 0.000506
230, 0.000424
232, 0.000620
234, 0.000448
236, 0.000440
238, 0.000447
240, 0.001517
242, 0.000539
244, 0.000699
246, 0.000658
248, 0.001353
250, 0.000544
252, 0.000463
254, 0.000644
256, 0.004091
258, 0.000568
260, 0.000507
262, 0.000421
264, 0.000581
266, 0.000406
268, 0.000427
270, 0.000477
272, 0.000678
274, 0.000372
276, 0.000388
278, 0.000351
280, 0.000433
282, 0.000364
284, 0.000370
286, 0.000364
288, 0.001086
290, 0.000392
292, 0.000441
294, 0.000364
296, 0.000472
298, 0.000366
300, 0.000371
302, 0.000338
304, 0.000650
306, 0.000371
308, 0.000378
310, 0.000380
312, 0.000417
314, 0.000364
316, 0.000371
318, 0.000364
320, 0.001438
322, 0.000412
324, 0.001240
326, 0.000467
328, 0.000696
330, 0.000463
332, 0.000485
334, 0.000420
336, 0.000799
338, 0.000371
340, 0.000389
342, 0.000230
344, 0.000397
346, 0.000311
348, 0.000319
350, 0.000238
352, 0.000829
354, 0.000279
356, 0.000331
358, 0.000268
360, 0.000426
362, 0.000308
364, 0.000309
366, 0.000229
368, 0.000571
370, 0.000232
372, 0.000312
374, 0.000305
376, 0.000353
378, 0.000226
380, 0.000306
382, 0.000230
384, 0.002630
386, 0.000394
388, 0.000376
390, 0.000303
392, 0.000555
394, 0.000791
396, 0.000488
398, 0.000342
400, 0.000779
402, 0.000416
404, 0.000410
406, 0.000332
408, 0.000859
410, 0.000260
412, 0.000305
414, 0.000303
416, 0.000948
418, 0.000312
420, 0.000353
422, 0.000303
424, 0.000510
426, 0.000303
428, 0.000286
430, 0.000281
432, 0.000514
434, 0.000243
436, 0.000270
438, 0.000226
440, 0.000348
442, 0.000299
444, 0.000313
446, 0.000237
448, 0.001067
450, 0.000359
452, 0.000369
454, 0.000297
456, 0.000403
458, 0.000270
460, 0.000249
462, 0.000299
464, 0.000689
466, 0.000311
468, 0.000300
470, 0.000235
472, 0.000369
474, 0.000303
476, 0.000303
478, 0.000293
480, 0.000738
482, 0.000299
484, 0.000296
486, 0.000300
488, 0.000412
490, 0.000265
492, 0.000332
494, 0.000303
496, 0.000462
498, 0.000304
500, 0.000312
502, 0.000302
504, 0.000338
506, 0.000333
508, 0.000304
510, 0.000231
512, 0.003132
514, 0.000385
516, 0.000426
518, 0.000309
520, 0.000454
522, 0.000335
524, 0.000411
526, 0.000276
528, 0.000659
530, 0.000369
532, 0.000350
534, 0.000322
536, 0.001172
538, 0.000277
540, 0.000348
542, 0.000293
544, 0.000754
546, 0.000262
548, 0.000311
550, 0.000232
552, 0.000399
554, 0.000302
556, 0.000303
558, 0.000303
560, 0.000453
562, 0.000319
564, 0.000304
566, 0.000303
568, 0.000308
570, 0.000303
572, 0.000302
574, 0.000302
576, 0.000962
578, 0.000344
580, 0.000346
582, 0.000278
584, 0.000388
586, 0.000338
588, 0.000302
590, 0.000297
592, 0.000531
594, 0.000305
596, 0.000305
598, 0.000247
600, 0.000329
602, 0.000303
604, 0.000303
606, 0.000986
608, 0.001514
610, 0.000644
612, 0.000622
614, 0.000303
616, 0.000517
618, 0.000304
620, 0.000296
622, 0.000303
624, 0.000666
626, 0.000247
628, 0.000318
630, 0.000303
632, 0.000362
634, 0.000290
636, 0.000304
638, 0.000268
640, 0.001570
642, 0.000363
644, 0.000372
646, 0.000304
648, 0.000502
650, 0.000303
652, 0.000296
654, 0.000258
656, 0.000483
658, 0.000306
660, 0.000306
662, 0.000232
664, 0.000368
666, 0.000304
668, 0.000303
670, 0.000229
672, 0.000930
674, 0.000325
676, 0.000378
678, 0.000303
680, 0.000443
682, 0.000280
684, 0.000229
686, 0.000269
688, 0.000499
690, 0.000258
692, 0.000344
694, 0.000282
696, 0.000491
698, 0.000333
700, 0.000275
702, 0.000303
704, 0.001813
706, 0.000443
708, 0.000397
710, 0.000307
712, 0.000486
714, 0.000316
716, 0.000229
718, 0.000300
720, 0.000720
722, 0.000291
724, 0.000318
726, 0.000262
728, 0.000357
730, 0.000324
732, 0.000233
734, 0.000303
736, 0.000937
738, 0.000357
740, 0.000276
742, 0.000303
744, 0.000368
746, 0.000299
748, 0.000327
750, 0.000303
752, 0.000648
754, 0.000279
756, 0.000240
758, 0.000271
760, 0.000396
762, 0.000303
764, 0.000235
766, 0.000304
768, 0.004172
770, 0.000417
772, 0.000387
774, 0.000264
776, 0.000447
778, 0.000338
780, 0.000300
782, 0.000322
784, 0.000548
786, 0.000271
788, 0.000312
790, 0.000285
792, 0.000407
794, 0.000304
796, 0.000568
798, 0.000231
800, 0.000738
802, 0.000355
804, 0.000349
806, 0.000269
808, 0.000413
810, 0.000298
812, 0.000309
814, 0.000304
816, 0.000698
818, 0.000319
820, 0.000337
822, 0.000305
824, 0.000391
826, 0.000297
828, 0.000321
830, 0.000252
832, 0.001055
834, 0.000359
836, 0.000387
838, 0.000308
840, 0.000499
842, 0.000236
844, 0.000319
846, 0.000303
848, 0.000684
850, 0.000313
852, 0.000318
854, 0.000301
856, 0.000347
858, 0.000304
860, 0.000304
862, 0.000304
864, 0.000971
866, 0.000331
868, 0.000343
870, 0.000273
872, 0.000338
874, 0.000266
876, 0.000226
878, 0.000304
880, 0.000449
882, 0.000305
884, 0.000311
886, 0.000227
888, 0.000419
890, 0.000301
892, 0.000291
894, 0.000305
896, 0.001163
898, 0.000317
900, 0.000367
902, 0.000224
904, 0.000423
906, 0.000306
908, 0.000610
910, 0.000646
912, 0.000668
914, 0.000297
916, 0.000397
918, 0.000269
920, 0.000355
922, 0.000317
924, 0.000377
926, 0.000346
928, 0.001193
930, 0.000284
932, 0.000411
934, 0.000232
936, 0.000478
938, 0.000304
940, 0.000241
942, 0.000365
944, 0.000853
946, 0.000361
948, 0.000343
950, 0.000289
952, 0.000397
954, 0.000302
956, 0.000299
958, 0.000303
960, 0.001046
962, 0.000329
964, 0.000400
966, 0.000237
968, 0.000450
970, 0.000224
972, 0.000306
974, 0.000302
976, 0.000669
978, 0.000311
980, 0.000273
982, 0.000273
984, 0.000333
986, 0.000338
988, 0.000304
990, 0.000287
992, 0.000661
994, 0.000315
996, 0.000723
998, 0.000240
1000, 0.000478
1002, 0.000237
1004, 0.000304
1006, 0.000256
1008, 0.000503
1010, 0.000278
1012, 0.000311
1014, 0.000303
1016, 0.000332
1018, 0.000236
1020, 0.000245
1022, 0.000226
1024, 0.005225
1026, 0.000576
1028, 0.000584
1030, 0.000423
1032, 0.000598
1034, 0.000453
1036, 0.000481
1038, 0.000451
1040, 0.000736
1042, 0.000464
1044, 0.000472
1046, 0.000451
1048, 0.000533
1050, 0.000451
1052, 0.000429
1054, 0.000448
1056, 0.000862
1058, 0.000481
1060, 0.000505
1062, 0.000450
1064, 0.000592
1066, 0.000428
1068, 0.000458
1070, 0.000405
1072, 0.000937
1074, 0.000268
1076, 0.000269
1078, 0.000303
1080, 0.000397
1082, 0.000304
1084, 0.000304
1086, 0.000304
1088, 0.001089
1090, 0.000345
1092, 0.000429
1094, 0.000253
1096, 0.000501
1098, 0.000226
1100, 0.000231
1102, 0.000271
1104, 0.000624
1106, 0.000320
1108, 0.000329
1110, 0.000229
1112, 0.000361
1114, 0.000328
1116, 0.000309
1118, 0.000304
1120, 0.000735
1122, 0.000328
1124, 0.000347
1126, 0.000269
1128, 0.000467
1130, 0.000305
1132, 0.000306
1134, 0.000228
1136, 0.000476
1138, 0.000307
1140, 0.000310
1142, 0.000281
1144, 0.000366
1146, 0.000245
1148, 0.000303
1150, 0.000265
1152, 0.001139
1154, 0.000351
1156, 0.000373
1158, 0.000226
1160, 0.000395
1162, 0.000303
1164, 0.000289
1166, 0.000303
1168, 0.000520
1170, 0.000306
1172, 0.000315
1174, 0.000267
1176, 0.000360
1178, 0.000304
1180, 0.000310
1182, 0.000301
1184, 0.000940
1186, 0.000373
1188, 0.000683
1190, 0.000334
1192, 0.000481
1194, 0.000257
1196, 0.000306
1198, 0.000320
1200, 0.000445
1202, 0.000306
1204, 0.000333
1206, 0.000304
1208, 0.000440
1210, 0.000283
1212, 0.000280
1214, 0.000303
1216, 0.001071
1218, 0.000379
1220, 0.000346
1222, 0.000317
1224, 0.000483
1226, 0.000341
1228, 0.000303
1230, 0.000224
1232, 0.000714
1234, 0.000311
1236, 0.000321
1238, 0.000241
1240, 0.000330
1242, 0.000303
1244, 0.000303
1246, 0.000301
1248, 0.000866
1250, 0.000322
1252, 0.000317
1254, 0.000302
1256, 0.000438
1258, 0.000304
1260, 0.000353
1262, 0.000301
1264, 0.000552
1266, 0.000265
1268, 0.000311
1270, 0.000297
1272, 0.000354
1274, 0.000303
1276, 0.000303
1278, 0.000255
1280, 0.002150
1282, 0.000393
1284, 0.000403
1286, 0.000296
1288, 0.000524
1290, 0.000304
1292, 0.000304
1294, 0.000229
1296, 0.000684
1298, 0.000304
1300, 0.000318
1302, 0.001354
1304, 0.000764
1306, 0.000400
1308, 0.000400
1310, 0.000381
1312, 0.000791
1314, 0.000275
1316, 0.000402
1318, 0.000362
1320, 0.000448
1322, 0.000299
1324, 0.000312
1326, 0.000301
1328, 0.000803
1330, 0.000259
1332, 0.000316
1334, 0.000263
1336, 0.000355
1338, 0.000303
1340, 0.000264
1342, 0.000303
1344, 0.001071
1346, 0.000304
1348, 0.000357
1350, 0.000303
1352, 0.000534
1354, 0.000263
1356, 0.000304
1358, 0.000292
1360, 0.000705
1362, 0.000313
1364, 0.000308
1366, 0.000409
1368, 0.000304
1370, 0.000316
1372, 0.000315
1374, 0.000304
1376, 0.000705
1378, 0.000317
1380, 0.000293
1382, 0.000337
1384, 0.000433
1386, 0.000303
1388, 0.000303
1390, 0.000297
1392, 0.000555
1394, 0.000274
1396, 0.000303
1398, 0.000303
1400, 0.000351
1402, 0.000324
1404, 0.000761
1406, 0.000305
1408, 0.001214
1410, 0.000286
1412, 0.000360
1414, 0.000286
1416, 0.000533
1418, 0.000303
1420, 0.000303
1422, 0.000275
1424, 0.000533
1426, 0.000239
1428, 0.000314
1430, 0.000348
1432, 0.000291
1434, 0.000296
1436, 0.000304
1438, 0.000303
1440, 0.000952
1442, 0.000303
1444, 0.000324
1446, 0.000304
1448, 0.000462
1450, 0.000303
1452, 0.000313
1454, 0.000235
1456, 0.000613
1458, 0.000313
1460, 0.000314
1462, 0.000293
1464, 0.000325
1466, 0.000348
1468, 0.000304
1470, 0.000362
1472, 0.001140
1474, 0.000365
1476, 0.000388
1478, 0.000301
1480, 0.000755
1482, 0.000419
1484, 0.000376
1486, 0.000306
1488, 0.000486
1490, 0.000285
1492, 0.000326
1494, 0.000332
1496, 0.000470
1498, 0.000230
1500, 0.000337
1502, 0.000301
1504, 0.000945
1506, 0.000349
1508, 0.000390
1510, 0.000367
1512, 0.000441
1514, 0.000342
1516, 0.000307
1518, 0.000302
1520, 0.000745
1522, 0.000315
1524, 0.000321
1526, 0.000330
1528, 0.000323
1530, 0.000256
1532, 0.000334
1534, 0.000290
1536, 0.007638
1538, 0.000400
1540, 0.000408
1542, 0.000227
1544, 0.000524
1546, 0.000227
1548, 0.000265
1550, 0.000224
1552, 0.000621
1554, 0.000289
1556, 0.000309
1558, 0.000237
1560, 0.000323
1562, 0.000301
1564, 0.000320
1566, 0.000302
1568, 0.000650
1570, 0.000319
1572, 0.000325
1574, 0.000580
1576, 0.000702
1578, 0.000309
1580, 0.000388
1582, 0.000442
1584, 0.000843
1586, 0.000449
1588, 0.000484
1590, 0.000432
1592, 0.000562
1594, 0.000465
1596, 0.000389
1598, 0.000430
1600, 0.001159
1602, 0.000481
1604, 0.000524
1606, 0.000433
1608, 0.000623
1610, 0.000479
1612, 0.000441
1614, 0.000412
1616, 0.000818
1618, 0.000455
1620, 0.000467
1622, 0.000444
1624, 0.000578
1626, 0.000448
1628, 0.000479
1630, 0.000439
1632, 0.001118
1634, 0.000526
1636, 0.000517
1638, 0.000476
1640, 0.000568
1642, 0.000522
1644, 0.000323
1646, 0.000304
1648, 0.000870
1650, 0.000237
1652, 0.000337
1654, 0.000289
1656, 0.000424
1658, 0.000303
1660, 0.000294
1662, 0.000304
1664, 0.001188
1666, 0.000295
1668, 0.000339
1670, 0.000278
1672, 0.000392
1674, 0.000304
1676, 0.000340
1678, 0.000302
1680, 0.000724
1682, 0.000314
1684, 0.000273
1686, 0.000303
1688, 0.000342
1690, 0.000304
1692, 0.000304
1694, 0.000196
1696, 0.001007
1698, 0.000339
1700, 0.000357
1702, 0.000302
1704, 0.000422
1706, 0.000304
1708, 0.000304
1710, 0.000269
1712, 0.000512
1714, 0.000305
1716, 0.000312
1718, 0.000312
1720, 0.000357
1722, 0.000303
1724, 0.000303
1726, 0.000296
1728, 0.001391
1730, 0.000421
1732, 0.000395
1734, 0.000239
1736, 0.000552
1738, 0.000265
1740, 0.000303
1742, 0.000319
1744, 0.000495
1746, 0.000302
1748, 0.000298
1750, 0.000303
1752, 0.000335
1754, 0.000336
1756, 0.000315
1758, 0.000321
1760, 0.000706
1762, 0.000326
1764, 0.000335
1766, 0.000273
1768, 0.000472
1770, 0.000299
1772, 0.000232
1774, 0.000303
1776, 0.000648
1778, 0.000231
1780, 0.000338
1782, 0.000250
1784, 0.000353
1786, 0.000287
1788, 0.000304
1790, 0.000242
1792, 0.001253
1794, 0.000273
1796, 0.000337
1798, 0.000303
1800, 0.000414
1802, 0.000303
1804, 0.000225
1806, 0.000297
1808, 0.000574
1810, 0.000273
1812, 0.000322
1814, 0.000303
1816, 0.000364
1818, 0.000294
1820, 0.000301
1822, 0.000233
1824, 0.001245
1826, 0.000527
1828, 0.000524
1830, 0.000381
1832, 0.000619
1834, 0.000424
1836, 0.000448
1838, 0.000456
1840, 0.000798
1842, 0.000460
1844, 0.000499
1846, 0.000412
1848, 0.000546
1850, 0.000405
1852, 0.000461
1854, 0.000433
1856, 0.001161
1858, 0.000535
1860, 0.000479
1862, 0.000423
1864, 0.000687
1866, 0.000506
1868, 0.000422
1870, 0.000432
1872, 0.000891
1874, 0.000460
1876, 0.000467
1878, 0.000440
1880, 0.000489
1882, 0.000451
1884, 0.000447
1886, 0.000407
1888, 0.001116
1890, 0.000493
1892, 0.000700
1894, 0.000345
1896, 0.000680
1898, 0.000344
1900, 0.000344
1902, 0.000333
1904, 0.000896
1906, 0.000317
1908, 0.000371
1910, 0.000224
1912, 0.000455
1914, 0.000358
1916, 0.000344
1918, 0.000340
1920, 0.001289
1922, 0.000415
1924, 0.000333
1926, 0.000318
1928, 0.000520
1930, 0.000380
1932, 0.000342
1934, 0.000337
1936, 0.000829
1938, 0.000363
1940, 0.000279
1942, 0.000341
1944, 0.000442
1946, 0.000290
1948, 0.000343
1950, 0.000357
1952, 0.001104
1954, 0.000420
1956, 0.000427
1958, 0.000361
1960, 0.000539
1962, 0.000322
1964, 0.000325
1966, 0.000345
1968, 0.000561
1970, 0.000337
1972, 0.000353
1974, 0.000360
1976, 0.001449
1978, 0.000368
1980, 0.000400
1982, 0.000365
1984, 0.001245
1986, 0.000390
1988, 0.000486
1990, 0.000345
1992, 0.000655
1994, 0.000354
1996, 0.000425
1998, 0.000344
2000, 0.001016
2002, 0.000435
2004, 0.000436
2006, 0.000346
2008, 0.000664
2010, 0.000353
2012, 0.000376
2014, 0.000342
2016, 0.001277
2018, 0.000483
2020, 0.000459
2022, 0.000354
2024, 0.000429
2026, 0.000305
2028, 0.000326
2030, 0.000297
2032, 0.000469
2034, 0.000306
2036, 0.000310
2038, 0.000276
2040, 0.000391
2042, 0.000230
2044, 0.000226
2046, 0.000317
2048, 0.009237
2050, 0.000340
2052, 0.000385
2054, 0.000257
2056, 0.000595
2058, 0.000261
2060, 0.000304
2062, 0.000304
2064, 0.000448
2066, 0.000302
2068, 0.000311
2070, 0.000345
2072, 0.000349
2074, 0.000316
2076, 0.000306
2078, 0.000303
2080, 0.001004
2082, 0.000342
2084, 0.000356
2086, 0.000613
2088, 0.000690
2090, 0.000429
2092, 0.000446
2094, 0.000400
2096, 0.000639
2098, 0.000414
2100, 0.000462
2102, 0.000438
2104, 0.000572
2106, 0.000431
2108, 0.000448
2110, 0.000448
2112, 0.001184
2114, 0.000479
2116, 0.000536
2118, 0.000465
2120, 0.000625
2122, 0.000428
2124, 0.000460
2126, 0.000442
2128, 0.000722
2130, 0.000442
2132, 0.000466
2134, 0.000460
2136, 0.000516
2138, 0.000436
2140, 0.000424
2142, 0.000443
2144, 0.001121
2146, 0.000514
2148, 0.000506
2150, 0.000442
2152, 0.000593
2154, 0.000456
2156, 0.000447
2158, 0.000422
2160, 0.000724
2162, 0.000375
2164, 0.000494
2166, 0.000446
2168, 0.001212
2170, 0.000472
2172, 0.000477
2174, 0.000429
2176, 0.001326
2178, 0.000499
2180, 0.000487
2182, 0.000434
2184, 0.000698
2186, 0.000467
2188, 0.000445
2190, 0.000403
2192, 0.000877
2194, 0.000466
2196, 0.000448
2198, 0.000465
2200, 0.000481
2202, 0.000445
2204, 0.000449
2206, 0.000464
2208, 0.000948
2210, 0.000479
2212, 0.000499
2214, 0.000444
2216, 0.000616
2218, 0.000447
2220, 0.000415
2222, 0.000504
2224, 0.000650
2226, 0.000450
2228, 0.000465
2230, 0.000440
2232, 0.000618
2234, 0.000450
2236, 0.000479
2238, 0.000443
2240, 0.001203
2242, 0.000529
2244, 0.000913
2246, 0.000350
2248, 0.000595
2250, 0.000304
2252, 0.000305
2254, 0.000303
2256, 0.000769
2258, 0.000339
2260, 0.000318
2262, 0.000302
2264, 0.000376
2266, 0.000297
2268, 0.000232
2270, 0.000306
2272, 0.000677
2274, 0.000322
2276, 0.000325
2278, 0.000304
2280, 0.000408
2282, 0.000224
2284, 0.000304
2286, 0.000304
2288, 0.000592
2290, 0.000309
2292, 0.000242
2294, 0.000315
2296, 0.000354
2298, 0.000251
2300, 0.000297
2302, 0.000238
2304, 0.001272
2306, 0.000276
2308, 0.000330
2310, 0.000288
2312, 0.000373
2314, 0.000235
2316, 0.000232
2318, 0.000276
2320, 0.000570
2322, 0.000277
2324, 0.000313
2326, 0.000304
2328, 0.000374
2330, 0.000304
2332, 0.000304
2334, 0.000319
2336, 0.000993
2338, 0.000274
2340, 0.000347
2342, 0.000268
2344, 0.000435
2346, 0.000304
2348, 0.000280
2350, 0.000484
2352, 0.000856
2354, 0.000266
2356, 0.000331
2358, 0.000310
2360, 0.000344
2362, 0.000302
2364, 0.000302
2366, 0.000302
2368, 0.001042
2370, 0.000347
2372, 0.000353
2374, 0.000333
2376, 0.000462
2378, 0.000302
2380, 0.000302
2382, 0.000302
2384, 0.000622
2386, 0.000308
2388, 0.000293
2390, 0.000298
2392, 0.000331
2394, 0.000135
2396, 0.000302
2398, 0.000294
2400, 0.000586
2402, 0.000310
2404, 0.000315
2406, 0.000267
2408, 0.000354
2410, 0.000302
2412, 0.000303
2414, 0.000255
2416, 0.000538
2418, 0.000305
2420, 0.000340
2422, 0.000306
2424, 0.000332
2426, 0.000269
2428, 0.000302
2430, 0.000296
2432, 0.001304
2434, 0.000312
2436, 0.000906
2438, 0.000369
2440, 0.000548
2442, 0.000303
2444, 0.000304
2446, 0.000303
2448, 0.000747
2450, 0.000170
2452, 0.000314
2454, 0.000304
2456, 0.000341
2458, 0.000383
2460, 0.000225
2462, 0.000303
2464, 0.000973
2466, 0.000324
2468, 0.000356
2470, 0.000303
2472, 0.000430
2474, 0.000303
2476, 0.000227
2478, 0.000270
2480, 0.000417
2482, 0.000303
2484, 0.000303
2486, 0.000303
2488, 0.000305
2490, 0.000303
2492, 0.000302
2494, 0.000303
2496, 0.001117
2498, 0.000355
2500, 0.000381
2502, 0.000302
2504, 0.000446
2506, 0.000253
2508, 0.000303
2510, 0.000303
2512, 0.000721
2514, 0.000318
2516, 0.000318
2518, 0.000298
2520, 0.000366
2522, 0.000666
2524, 0.000505
2526, 0.000417
2528, 0.000996
2530, 0.000473
2532, 0.000496
2534, 0.000394
2536, 0.000622
2538, 0.000429
2540, 0.000494
2542, 0.000365
2544, 0.000790
2546, 0.000484
2548, 0.000503
2550, 0.000448
2552, 0.000661
2554, 0.000429
2556, 0.000433
2558, 0.000433
2560, 0.003592
2562, 0.000571
2564, 0.000612
2566, 0.000444
2568, 0.001018
2570, 0.000313
2572, 0.000430
2574, 0.000334
2576, 0.001195
2578, 0.000396
2580, 0.000409
2582, 0.000290
2584, 0.000576
2586, 0.000363
2588, 0.000350
2590, 0.000276
2592, 0.001150
2594, 0.000459
2596, 0.000448
2598, 0.000342
2600, 0.000589
2602, 0.000289
2604, 0.000344
2606, 0.000348
2608, 0.000710
2610, 0.000283
2612, 0.000358
2614, 0.000343
2616, 0.000403
2618, 0.000342
2620, 0.000345
2622, 0.000387
2624, 0.001230
2626, 0.000416
2628, 0.000381
2630, 0.000319
2632, 0.000617
2634, 0.000327
2636, 0.000358
2638, 0.000346
2640, 0.000560
2642, 0.000302
2644, 0.000350
2646, 0.000314
2648, 0.000408
2650, 0.000343
2652, 0.000345
2654, 0.000326
2656, 0.001128
2658, 0.000405
2660, 0.000386
2662, 0.000345
2664, 0.000509
2666, 0.000343
2668, 0.000345
2670, 0.000343
2672, 0.000788
2674, 0.001111
2676, 0.000417
2678, 0.000307
2680, 0.000520
2682, 0.000305
2684, 0.000309
2686, 0.000284
2688, 0.001279
2690, 0.000360
2692, 0.000367
2694, 0.000316
2696, 0.000378
2698, 0.000303
2700, 0.000309
2702, 0.000303
2704, 0.000806
2706, 0.000233
2708, 0.000320
2710, 0.000285
2712, 0.000372
2714, 0.000290
2716, 0.000313
2718, 0.000300
2720, 0.000990
2722, 0.000324
2724, 0.000353
2726, 0.000305
2728, 0.000297
2730, 0.000437
2732, 0.000377
2734, 0.000355
2736, 0.000522
2738, 0.000309
2740, 0.000322
2742, 0.000300
2744, 0.000402
2746, 0.000235
2748, 0.000304
2750, 0.000235
2752, 0.001117
2754, 0.000304
2756, 0.000368
2758, 0.000303
2760, 0.000486
2762, 0.000284
2764, 0.000303
2766, 0.000303
2768, 0.000685
2770, 0.000320
2772, 0.000332
2774, 0.000105
2776, 0.000331
2778, 0.000303
2780, 0.000439
2782, 0.000303
2784, 0.000865
2786, 0.000417
2788, 0.000509
2790, 0.000285
2792, 0.000735
2794, 0.000395
2796, 0.000410
2798, 0.000387
2800, 0.001185
2802, 0.000422
2804, 0.000508
2806, 0.000385
2808, 0.000651
2810, 0.000387
2812, 0.000396
2814, 0.000348
2816, 0.001304
2818, 0.000302
2820, 0.000290
2822, 0.000227
2824, 0.000433
2826, 0.000304
2828, 0.000340
2830, 0.000303
2832, 0.000856
2834, 0.000160
2836, 0.000331
2838, 0.000304
2840, 0.000362
2842, 0.000319
2844, 0.000304
2846, 0.000295
2848, 0.001321
2850, 0.000557
2852, 0.000363
2854, 0.000302
2856, 0.000469
2858, 0.000321
2860, 0.000303
2862, 0.000311
2864, 0.000604
2866, 0.000297
2868, 0.000311
2870, 0.000263
2872, 0.000392
2874, 0.000302
2876, 0.000304
2878, 0.000303
2880, 0.001105
2882, 0.000330
2884, 0.000331
2886, 0.000226
2888, 0.000464
2890, 0.000304
2892, 0.000304
2894, 0.000258
2896, 0.000617
2898, 0.000312
2900, 0.000352
2902, 0.000237
2904, 0.000370
2906, 0.000235
2908, 0.000236
2910, 0.000227
2912, 0.000982
2914, 0.000342
2916, 0.000359
2918, 0.000302
2920, 0.000456
2922, 0.000237
2924, 0.000303
2926, 0.000255
2928, 0.000622
2930, 0.000247
2932, 0.000316
2934, 0.000302
2936, 0.000363
2938, 0.000254
2940, 0.000305
2942, 0.000284
2944, 0.001248
2946, 0.000348
2948, 0.000358
2950, 0.000299
2952, 0.000911
2954, 0.001200
2956, 0.000413
2958, 0.000302
2960, 0.000560
2962, 0.000156
2964, 0.000317
2966, 0.000294
2968, 0.000453
2970, 0.000366
2972, 0.000319
2974, 0.000321
2976, 0.000749
2978, 0.000329
2980, 0.000360
2982, 0.000262
2984, 0.000476
2986, 0.000253
2988, 0.000271
2990, 0.000303
2992, 0.000756
2994, 0.000317
2996, 0.000277
2998, 0.000314
3000, 0.000364
3002, 0.000303
3004, 0.000304
3006, 0.000303
3008, 0.001130
3010, 0.000309
3012, 0.000371
3014, 0.000285
3016, 0.000414
3018, 0.000318
3020, 0.000303
3022, 0.000274
3024, 0.000526
3026, 0.000311
3028, 0.000316
3030, 0.000303
3032, 0.000374
3034, 0.000302
3036, 0.000304
3038, 0.000250
3040, 0.001009
3042, 0.000292
3044, 0.000389
3046, 0.000235
3048, 0.000418
3050, 0.000303
3052, 0.000299
3054, 0.000303
3056, 0.001008
3058, 0.000365
3060, 0.000425
3062, 0.000313
3064, 0.000488
3066, 0.000104
3068, 0.000293
3070, 0.000233
3072, 0.014948
3074, 0.000518
3076, 0.000570
3078, 0.000257
3080, 0.000622
3082, 0.000352
3084, 0.000277
3086, 0.000327
3088, 0.000991
3090, 0.000412
3092, 0.000346
3094, 0.000342
3096, 0.000444
3098, 0.000365
3100, 0.000253
3102, 0.000342
3104, 0.001163
3106, 0.000365
3108, 0.000413
3110, 0.000421
3112, 0.000544
3114, 0.000341
3116, 0.000345
3118, 0.000343
3120, 0.000755
3122, 0.000336
3124, 0.000369
3126, 0.000327
3128, 0.000429
3130, 0.000225
3132, 0.000346
3134, 0.000342
3136, 0.001264
3138, 0.000344
3140, 0.000374
3142, 0.000282
3144, 0.000448
3146, 0.000302
3148, 0.000303
3150, 0.000299
3152, 0.000890
3154, 0.000329
3156, 0.000277
3158, 0.000304
3160, 0.000420
3162, 0.000303
3164, 0.000304
3166, 0.000228
3168, 0.000991
3170, 0.000350
3172, 0.000329
3174, 0.000238
3176, 0.000375
3178, 0.000302
3180, 0.000312
3182, 0.000257
3184, 0.000661
3186, 0.000313
3188, 0.000310
3190, 0.000303
3192, 0.000268
3194, 0.000303
3196, 0.000303
3198, 0.000304
3200, 0.001226
3202, 0.000353
3204, 0.000365
3206, 0.000246
3208, 0.000417
3210, 0.000303
3212, 0.000336
3214, 0.000243
3216, 0.000563
3218, 0.000290
3220, 0.000329
3222, 0.000294
3224, 0.000392
3226, 0.000303
3228, 0.000305
3230, 0.000229
3232, 0.000973
3234, 0.000321
3236, 0.000345
3238, 0.000229
3240, 0.000372
3242, 0.000301
3244, 0.000317
3246, 0.000303
3248, 0.000505
3250, 0.000303
3252, 0.000304
3254, 0.000303
3256, 0.000357
3258, 0.000242
3260, 0.000303
3262, 0.000303
3264, 0.001110
3266, 0.000350
3268, 0.000378
3270, 0.000225
3272, 0.000480
3274, 0.000256
3276, 0.000371
3278, 0.000293
3280, 0.000413
3282, 0.000245
3284, 0.000277
3286, 0.000303
3288, 0.001078
3290, 0.000323
3292, 0.000380
3294, 0.000259
3296, 0.001091
3298, 0.000345
3300, 0.000261
3302, 0.000302
3304, 0.000527
3306, 0.000298
3308, 0.000315
3310, 0.000296
3312, 0.000694
3314, 0.000313
3316, 0.000320
3318, 0.000302
3320, 0.000359
3322, 0.000300
3324, 0.000304
3326, 0.000283
3328, 0.001291
3330, 0.000279
3332, 0.000286
3334, 0.000302
3336, 0.000352
3338, 0.000256
3340, 0.000282
3342, 0.000302
3344, 0.000528
3346, 0.000306
3348, 0.000310
3350, 0.000136
3352, 0.000382
3354, 0.000303
3356, 0.000303
3358, 0.000303
3360, 0.000999
3362, 0.000303
3364, 0.000350
3366, 0.000311
3368, 0.000444
3370, 0.000287
3372, 0.000303
3374, 0.000302
3376, 0.000446
3378, 0.000593
3380, 0.000518
3382, 0.000447
3384, 0.000626
3386, 0.000453
3388, 0.000429
3390, 0.000448
3392, 0.001294
3394, 0.000577
3396, 0.000562
3398, 0.000473
3400, 0.000667
3402, 0.000458
3404, 0.000460
3406, 0.000451
3408, 0.000960
3410, 0.000430
3412, 0.000580
3414, 0.000465
3416, 0.000608
3418, 0.000453
3420, 0.000427
3422, 0.000453
3424, 0.001021
3426, 0.000497
3428, 0.000497
3430, 0.000430
3432, 0.000590
3434, 0.000429
3436, 0.000426
3438, 0.000349
3440, 0.000985
3442, 0.000730
3444, 0.000450
3446, 0.000307
3448, 0.000612
3450, 0.000354
3452, 0.000357
3454, 0.000261
3456, 0.001378
3458, 0.000379
3460, 0.000465
3462, 0.000321
3464, 0.000501
3466, 0.000333
3468, 0.000293
3470, 0.000315
3472, 0.000785
3474, 0.000297
3476, 0.000443
3478, 0.000347
3480, 0.000438
3482, 0.000259
3484, 0.000350
3486, 0.000332
3488, 0.001083
3490, 0.000475
3492, 0.000418
3494, 0.000332
3496, 0.000514
3498, 0.000305
3500, 0.000337
3502, 0.000332
3504, 0.000563
3506, 0.000368
3508, 0.000381
3510, 0.000374
3512, 0.000476
3514, 0.000254
3516, 0.000366
3518, 0.000346
3520, 0.001351
3522, 0.000411
3524, 0.000461
3526, 0.000284
3528, 0.000612
3530, 0.000328
3532, 0.000785
3534, 0.000306
3536, 0.000972
3538, 0.000360
3540, 0.000402
3542, 0.000366
3544, 0.000483
3546, 0.000332
3548, 0.000344
3550, 0.000302
3552, 0.001124
3554, 0.000398
3556, 0.000359
3558, 0.000340
3560, 0.000608
3562, 0.000345
3564, 0.000329
3566, 0.000339
3568, 0.000677
3570, 0.000355
3572, 0.000370
3574, 0.000342
3576, 0.000413
3578, 0.000312
3580, 0.000376
3582, 0.000348
3584, 0.001441
3586, 0.000371
3588, 0.000374
3590, 0.000302
3592, 0.000467
3594, 0.000341
3596, 0.000356
3598, 0.000340
3600, 0.000746
3602, 0.000390
3604, 0.000440
3606, 0.000316
3608, 0.000410
3610, 0.000362
3612, 0.000406
3614, 0.000274
3616, 0.001213
3618, 0.000369
3620, 0.000374
3622, 0.000209
3624, 0.000451
3626, 0.000243
3628, 0.000317
3630, 0.000311
3632, 0.000980
3634, 0.000368
3636, 0.000377
3638, 0.000318
3640, 0.000383
3642, 0.000304
3644, 0.000302
3646, 0.000315
3648, 0.001235
3650, 0.000407
3652, 0.000333
3654, 0.000301
3656, 0.000531
3658, 0.000303
3660, 0.000182
3662, 0.000349
3664, 0.000779
3666, 0.000389
3668, 0.000358
3670, 0.000233
3672, 0.000409
3674, 0.000321
3676, 0.000226
3678, 0.000303
3680, 0.001007
3682, 0.000348
3684, 0.000358
3686, 0.000391
3688, 0.000487
3690, 0.000225
3692, 0.000304
3694, 0.000272
3696, 0.000612
3698, 0.000336
3700, 0.000266
3702, 0.000295
3704, 0.000376
3706, 0.000303
3708, 0.000305
3710, 0.000279
3712, 0.001231
3714, 0.000297
3716, 0.000364
3718, 0.000303
3720, 0.000287
3722, 0.000303
3724, 0.000289
3726, 0.000275
3728, 0.000797
3730, 0.000326
3732, 0.000342
3734, 0.000229
3736, 0.000393
3738, 0.000304
3740, 0.000612
3742, 0.000303
3744, 0.001100
3746, 0.000396
3748, 0.000393
3750, 0.000302
3752, 0.000490
3754, 0.000304
3756, 0.000317
3758, 0.000303
3760, 0.000635
3762, 0.000267
3764, 0.000317
3766, 0.000303
3768, 0.000359
3770, 0.000314
3772, 0.000304
3774, 0.000253
3776, 0.001122
3778, 0.000363
3780, 0.000325
3782, 0.000304
3784, 0.000493
3786, 0.000300
3788, 0.000349
3790, 0.000250
3792, 0.000713
3794, 0.000313
3796, 0.000320
3798, 0.000299
3800, 0.000390
3802, 0.000303
3804, 0.000304
3806, 0.000247
3808, 0.001005
3810, 0.000336
3812, 0.000327
3814, 0.000240
3816, 0.000391
3818, 0.000292
3820, 0.000155
3822, 0.000250
3824, 0.000742
3826, 0.000284
3828, 0.000314
3830, 0.000303
3832, 0.000403
3834, 0.000226
3836, 0.000304
3838, 0.000303
3840, 0.001561
3842, 0.000375
3844, 0.000416
3846, 0.000304
3848, 0.000360
3850, 0.000266
3852, 0.000317
3854, 0.000313
3856, 0.000707
3858, 0.000321
3860, 0.000329
3862, 0.000305
3864, 0.000414
3866, 0.000243
3868, 0.000305
3870, 0.000273
3872, 0.000999
3874, 0.000281
3876, 0.000345
3878, 0.000293
3880, 0.000332
3882, 0.000247
3884, 0.000304
3886, 0.000254
3888, 0.000732
3890, 0.000279
3892, 0.000365
3894, 0.000293
3896, 0.000359
3898, 0.000119
3900, 0.000304
3902, 0.000236
3904, 0.001147
3906, 0.000360
3908, 0.000376
3910, 0.000303
3912, 0.000510
3914, 0.000303
3916, 0.000318
3918, 0.000302
3920, 0.000706
3922, 0.000258
3924, 0.000319
3926, 0.000304
3928, 0.000358
3930, 0.000280
3932, 0.000304
3934, 0.000307
3936, 0.000649
3938, 0.000549
3940, 0.000459
3942, 0.000162
3944, 0.000633
3946, 0.000329
3948, 0.000311
3950, 0.000238
3952, 0.000714
3954, 0.000348
3956, 0.000329
3958, 0.000293
3960, 0.000335
3962, 0.000294
3964, 0.000294
3966, 0.000271
3968, 0.001192
3970, 0.000260
3972, 0.000395
3974, 0.000262
3976, 0.000400
3978, 0.000403
3980, 0.000306
3982, 0.000265
3984, 0.000704
3986, 0.000317
3988, 0.000316
3990, 0.000233
3992, 0.000332
3994, 0.000269
3996, 0.000306
3998, 0.000342
4000, 0.000847
4002, 0.000275
4004, 0.000337
4006, 0.000234
4008, 0.000428
4010, 0.000306
4012, 0.000306
4014, 0.000286
4016, 0.000676
4018, 0.000312
4020, 0.000313
4022, 0.000305
4024, 0.000328
4026, 0.000316
4028, 0.000304
4030, 0.000424
4032, 0.001268
4034, 0.000389
4036, 0.000394
4038, 0.000303
4040, 0.000506
4042, 0.000304
4044, 0.000296
4046, 0.000303
4048, 0.000613
4050, 0.000310
4052, 0.000319
4054, 0.000298
4056, 0.000362
4058, 0.000277
4060, 0.000329
4062, 0.000223
4064, 0.000667
4066, 0.000242
4068, 0.000353
4070, 0.000304
4072, 0.000491
4074, 0.000306
4076, 0.000331
4078, 0.000300
4080, 0.000673
4082, 0.000330
4084, 0.000279
4086, 0.000276
4088, 0.000302
4090, 0.000298
4092, 0.000322
4094, 0.000376
4096, 0.018771
4098, 0.000646
4100, 0.000670
4102, 0.000508
4104, 0.000672
4106, 0.000629
4108, 0.000456
4110, 0.000362
4112, 0.000925
4114, 0.000421
4116, 0.000458
4118, 0.000365
4120, 0.000604
4122, 0.000299
4124, 0.000360
4126, 0.000348
4128, 0.000924
4130, 0.000424
4132, 0.000462
4134, 0.000298
4136, 0.000669
4138, 0.000307
4140, 0.000401
4142, 0.000346
4144, 0.000844
4146, 0.000406
4148, 0.000452
4150, 0.000261
4152, 0.000621
4154, 0.000344
4156, 0.000351
4158, 0.000322
4160, 0.001352
4162, 0.000469
4164, 0.000490
4166, 0.000336
4168, 0.001113
4170, 0.000350
4172, 0.000358
4174, 0.000342
4176, 0.000930
4178, 0.000389
4180, 0.000382
4182, 0.000366
4184, 0.000438
4186, 0.000259
4188, 0.000289
4190, 0.000341
4192, 0.000853
4194, 0.000381
4196, 0.000355
4198, 0.000340
4200, 0.000468
4202, 0.000379
4204, 0.000345
4206, 0.000335
4208, 0.000810
4210, 0.000365
4212, 0.000345
4214, 0.000287
4216, 0.000421
4218, 0.000342
4220, 0.000385
4222, 0.000346
4224, 0.001355
4226, 0.000327
4228, 0.000453
4230, 0.000311
4232, 0.000521
4234, 0.000340
4236, 0.000345
4238, 0.000516
4240, 0.000638
4242, 0.000317
4244, 0.000332
4246, 0.000285
4248, 0.000405
4250, 0.000301
4252, 0.000304
4254, 0.000303
4256, 0.001001
4258, 0.000339
4260, 0.000350
4262, 0.000320
4264, 0.000441
4266, 0.000234
4268, 0.000304
4270, 0.000303
4272, 0.000484
4274, 0.000305
4276, 0.000311
4278, 0.000317
4280, 0.000344
4282, 0.000282
4284, 0.000304
4286, 0.000303
4288, 0.001175
4290, 0.000353
4292, 0.000380
4294, 0.000303
4296, 0.000511
4298, 0.000303
4300, 0.000347
4302, 0.000302
4304, 0.000734
4306, 0.000318
4308, 0.000345
4310, 0.000302
4312, 0.000358
4314, 0.000303
4316, 0.000304
4318, 0.000303
4320, 0.000790
4322, 0.000336
4324, 0.000200
4326, 0.000254
4328, 0.000428
4330, 0.000234
4332, 0.000321
4334, 0.000282
4336, 0.000644
4338, 0.000306
4340, 0.000337
4342, 0.000170
4344, 0.000900
4346, 0.000443
4348, 0.000455
4350, 0.000444
4352, 0.001507
4354, 0.000492
4356, 0.000490
4358, 0.000448
4360, 0.000557
4362, 0.000420
4364, 0.000447
4366, 0.000427
4368, 0.000807
4370, 0.000463
4372, 0.000461
4374, 0.000447
4376, 0.000575
4378, 0.000448
4380, 0.000479
4382, 0.000436
4384, 0.001137
4386, 0.000563
4388, 0.000492
4390, 0.000427
4392, 0.000561
4394, 0.000448
4396, 0.000446
4398, 0.000421
4400, 0.000632
4402, 0.000458
4404, 0.000458
4406, 0.000416
4408, 0.000526
4410, 0.000441
4412, 0.000437
4414, 0.000436
4416, 0.001624
4418, 0.000534
4420, 0.000570
4422, 0.000481
4424, 0.000681
4426, 0.000460
4428, 0.000443
4430, 0.000429
4432, 0.000823
4434, 0.000471
4436, 0.000471
4438, 0.000420
4440, 0.000527
4442, 0.000454
4444, 0.000446
4446, 0.000435
4448, 0.000932
4450, 0.000512
4452, 0.000517
4454, 0.000445
4456, 0.000618
4458, 0.000447
4460, 0.000470
4462, 0.000338
4464, 0.000813
4466, 0.000474
4468, 0.000468
4470, 0.000447
4472, 0.000553
4474, 0.000448
4476, 0.000444
4478, 0.000447
4480, 0.001409
4482, 0.000493
4484, 0.000503
4486, 0.000463
4488, 0.000599
4490, 0.000514
4492, 0.000318
4494, 0.000303
4496, 0.000840
4498, 0.000371
4500, 0.000325
4502, 0.000308
4504, 0.000377
4506, 0.000284
4508, 0.000304
4510, 0.000103
4512, 0.000989
4514, 0.000344
4516, 0.000353
4518, 0.000302
4520, 0.000424
4522, 0.000303
4524, 0.000319
4526, 0.000297
4528, 0.000690
4530, 0.000255
4532, 0.000322
4534, 0.000290
4536, 0.000338
4538, 0.000303
4540, 0.000301
4542, 0.000318
4544, 0.001156
4546, 0.000373
4548, 0.000378
4550, 0.000342
4552, 0.000463
4554, 0.000303
4556, 0.000305
4558, 0.000303
4560, 0.000580
4562, 0.000254
4564, 0.000295
4566, 0.000303
4568, 0.000393
4570, 0.000302
4572, 0.000304
4574, 0.000269
4576, 0.000827
4578, 0.000329
4580, 0.000345
4582, 0.000247
4584, 0.000413
4586, 0.000250
4588, 0.000297
4590, 0.000301
4592, 0.001175
4594, 0.000497
4596, 0.000500
4598, 0.000450
4600, 0.000614
4602, 0.000472
4604, 0.000442
4606, 0.000450
4608, 0.001471
4610, 0.000469
4612, 0.000473
4614, 0.000460
4616, 0.000540
4618, 0.000434
4620, 0.000444
4622, 0.000417
4624, 0.000911
4626, 0.000458
4628, 0.000507
4630, 0.000455
4632, 0.000534
4634, 0.000448
4636, 0.000473
4638, 0.000407
4640, 0.001148
4642, 0.000437
4644, 0.000605
4646, 0.000459
4648, 0.000581
4650, 0.000311
4652, 0.000459
4654, 0.000448
4656, 0.000979
4658, 0.000490
4660, 0.000491
4662, 0.000440
4664, 0.000527
4666, 0.000489
4668, 0.000318
4670, 0.000302
4672, 0.001174
4674, 0.000376
4676, 0.000363
4678, 0.000297
4680, 0.000422
4682, 0.000304
4684, 0.000285
4686, 0.000312
4688, 0.000780
4690, 0.000288
4692, 0.000311
4694, 0.000318
4696, 0.000329
4698, 0.000303
4700, 0.000291
4702, 0.000145
4704, 0.000900
4706, 0.000329
4708, 0.000250
4710, 0.000302
4712, 0.000450
4714, 0.000302
4716, 0.000332
4718, 0.000261
4720, 0.000548
4722, 0.000276
4724, 0.000307
4726, 0.000240
4728, 0.000372
4730, 0.000303
4732, 0.000306
4734, 0.000115
4736, 0.001273
4738, 0.000354
4740, 0.000372
4742, 0.000226
4744, 0.000443
4746, 0.000769
4748, 0.000422
4750, 0.000308
4752, 0.001147
4754, 0.000342
4756, 0.000350
4758, 0.000303
4760, 0.000434
4762, 0.000316
4764, 0.000316
4766, 0.000287
4768, 0.001141
4770, 0.000390
4772, 0.000464
4774, 0.000233
4776, 0.000499
4778, 0.000304
4780, 0.000307
4782, 0.000299
4784, 0.000761
4786, 0.000319
4788, 0.000173
4790, 0.000227
4792, 0.000370
4794, 0.000248
4796, 0.000304
4798, 0.000278
4800, 0.001130
4802, 0.000367
4804, 0.000364
4806, 0.000303
4808, 0.000530
4810, 0.000108
4812, 0.000296
4814, 0.000237
4816, 0.000679
4818, 0.000282
4820, 0.000314
4822, 0.000303
4824, 0.000365
4826, 0.000303
4828, 0.000859
4830, 0.000299
4832, 0.001098
4834, 0.000303
4836, 0.000361
4838, 0.000296
4840, 0.000458
4842, 0.000303
4844, 0.000294
4846, 0.000321
4848, 0.000565
4850, 0.000240
4852, 0.000330
4854, 0.000303
4856, 0.000357
4858, 0.000291
4860, 0.000304
4862, 0.000226
4864, 0.001409
4866, 0.000351
4868, 0.000338
4870, 0.000303
4872, 0.000387
4874, 0.000290
4876, 0.000303
4878, 0.000282
4880, 0.000814
4882, 0.000317
4884, 0.000322
4886, 0.000288
4888, 0.000365
4890, 0.000304
4892, 0.000304
4894, 0.000311
4896, 0.000974
4898, 0.000299
4900, 0.000278
4902, 0.000332
4904, 0.000441
4906, 0.000230
4908, 0.000304
4910, 0.000304
4912, 0.000534
4914, 0.000300
4916, 0.000349
4918, 0.000332
4920, 0.000255
4922, 0.000278
4924, 0.000304
4926, 0.000303
4928, 0.001147
4930, 0.000319
4932, 0.000374
4934, 0.000311
4936, 0.000493
4938, 0.000295
4940, 0.000304
4942, 0.000229
4944, 0.000604
4946, 0.000150
4948, 0.000314
4950, 0.000225
4952, 0.000293
4954, 0.000296
4956, 0.000281
4958, 0.000331
4960, 0.001003
4962, 0.000513
4964, 0.000516
4966, 0.000448
4968, 0.000733
4970, 0.000449
4972, 0.000486
4974, 0.000447
4976, 0.000936
4978, 0.000464
4980, 0.000475
4982, 0.000447
4984, 0.000596
4986, 0.000458
4988, 0.000446
4990, 0.000448
4992, 0.001376
4994, 0.000501
4996, 0.000509
4998, 0.000399
5000, 0.000615
5002, 0.000426
5004, 0.000377
5006, 0.000300
5008, 0.000566
5010, 0.000298
5012, 0.000315
5014, 0.000320
5016, 0.000361
5018, 0.000274
5020, 0.000305
5022, 0.000317
5024, 0.001127
5026, 0.000347
5028, 0.000348
5030, 0.000282
5032, 0.000379
5034, 0.000296
5036, 0.000303
5038, 0.000228
5040, 0.000569
5042, 0.000305
5044, 0.000307
5046, 0.000301
5048, 0.000359
5050, 0.000300
5052, 0.000303
5054, 0.000302
5056, 0.001126
5058, 0.000344
5060, 0.000376
5062, 0.000302
5064, 0.000439
5066, 0.000323
5068, 0.000302
5070, 0.000302
5072, 0.000785
5074, 0.000317
5076, 0.000318
5078, 0.000311
5080, 0.000365
5082, 0.000177
5084, 0.000223
5086, 0.000303
5088, 0.000791
5090, 0.000206
5092, 0.000335
5094, 0.000280
5096, 0.000392
5098, 0.000264
5100, 0.000303
5102, 0.000303
5104, 0.000593
5106, 0.000306
5108, 0.000305
5110, 0.000227
5112, 0.000633
5114, 0.000283
5116, 0.000307
5118, 0.000266
5120, 0.005082
5122, 0.000449
5124, 0.000443
5126, 0.000280
5128, 0.000539
5130, 0.000228
5132, 0.000293
5134, 0.000300
5136, 0.000785
5138, 0.000292
5140, 0.000216
5142, 0.000256
5144, 0.000458
5146, 0.000271
5148, 0.000306
5150, 0.000284
5152, 0.001039
5154, 0.000362
5156, 0.000381
5158, 0.000301
5160, 0.000450
5162, 0.000234
5164, 0.000289
5166, 0.000303
5168, 0.000638
5170, 0.000312
5172, 0.000347
5174, 0.000303
5176, 0.000357
5178, 0.000293
5180, 0.000280
5182, 0.000257
5184, 0.001160
5186, 0.000386
5188, 0.000366
5190, 0.000303
5192, 0.000485
5194, 0.000653
5196, 0.000326
5198, 0.000302
5200, 0.000831
5202, 0.000280
5204, 0.000315
5206, 0.000215
5208, 0.000365
5210, 0.000294
5212, 0.000294
5214, 0.000294
5216, 0.000964
5218, 0.000324
5220, 0.000328
5222, 0.000212
5224, 0.000393
5226, 0.000294
5228, 0.000294
5230, 0.000294
5232, 0.000607
5234, 0.000310
5236, 0.000309
5238, 0.000303
5240, 0.000334
5242, 0.000293
5244, 0.000303
5246, 0.000313
5248, 0.001243
5250, 0.000358
5252, 0.000357
5254, 0.000279
5256, 0.000334
5258, 0.000303
5260, 0.000304
5262, 0.000237
5264, 0.000561
5266, 0.000309
5268, 0.000360
5270, 0.000301
5272, 0.000442
5274, 0.000305
5276, 0.000332
5278, 0.000226
5280, 0.000672
5282, 0.000348
5284, 0.000377
5286, 0.000287
5288, 0.000420
5290, 0.000297
5292, 0.000288
5294, 0.000340
5296, 0.000947
5298, 0.001082
5300, 0.000473
5302, 0.000364
5304, 0.000442
5306, 0.000294
5308, 0.000413
5310, 0.000303
5312, 0.001205
5314, 0.000392
5316, 0.000325
5318, 0.000302
5320, 0.000561
5322, 0.000305
5324, 0.000362
5326, 0.000307
5328, 0.000927
5330, 0.000308
5332, 0.000363
5334, 0.000226
5336, 0.000417
5338, 0.000319
5340, 0.000304
5342, 0.000303
5344, 0.001050
5346, 0.000282
5348, 0.000354
5350, 0.000131
5352, 0.000444
5354, 0.000304
5356, 0.000323
5358, 0.000300
5360, 0.000684
5362, 0.000313
5364, 0.000321
5366, 0.000293
5368, 0.000354
5370, 0.000331
5372, 0.000304
5374, 0.000273
5376, 0.001345
5378, 0.000332
5380, 0.000335
5382, 0.000303
5384, 0.000370
5386, 0.000299
5388, 0.000304
5390, 0.000303
5392, 0.000438
5394, 0.000305
5396, 0.001278
5398, 0.000477
5400, 0.000750
5402, 0.000450
5404, 0.000452
5406, 0.000444
5408, 0.001237
5410, 0.000517
5412, 0.000499
5414, 0.000440
5416, 0.000635
5418, 0.000486
5420, 0.000538
5422, 0.000433
5424, 0.000856
5426, 0.000488
5428, 0.000545
5430, 0.000448
5432, 0.000629
5434, 0.000443
5436, 0.000487
5438, 0.000442
5440, 0.001261
5442, 0.000510
5444, 0.000561
5446, 0.000447
5448, 0.000688
5450, 0.000471
5452, 0.000467
5454, 0.000449
5456, 0.000636
5458, 0.000456
5460, 0.000494
5462, 0.000486
5464, 0.000803
5466, 0.000372
5468, 0.000387
5470, 0.000440
5472, 0.001210
5474, 0.000621
5476, 0.000559
5478, 0.000438
5480, 0.000709
5482, 0.000448
5484, 0.000456
5486, 0.000435
5488, 0.000893
5490, 0.000448
5492, 0.000479
5494, 0.000452
5496, 0.000619
5498, 0.000449
5500, 0.000482
5502, 0.000467
5504, 0.001301
5506, 0.000551
5508, 0.000532
5510, 0.000408
5512, 0.000602
5514, 0.000379
5516, 0.000429
5518, 0.000428
5520, 0.000928
5522, 0.000499
5524, 0.000460
5526, 0.000429
5528, 0.000515
5530, 0.000398
5532, 0.000431
5534, 0.000428
5536, 0.001363
5538, 0.000429
5540, 0.000383
5542, 0.000316
5544, 0.000450
5546, 0.000320
5548, 0.000155
5550, 0.000292
5552, 0.000505
5554, 0.000299
5556, 0.000305
5558, 0.000307
5560, 0.000381
5562, 0.000291
5564, 0.000294
5566, 0.000289
5568, 0.001090
5570, 0.000352
5572, 0.000350
5574, 0.000292
5576, 0.000461
5578, 0.000324
5580, 0.000214
5582, 0.000274
5584, 0.000575
5586, 0.000224
5588, 0.000298
5590, 0.000325
5592, 0.000337
5594, 0.000312
5596, 0.000294
5598, 0.000216
5600, 0.000974
5602, 0.000325
5604, 0.000346
5606, 0.000305
5608, 0.000524
5610, 0.000340
5612, 0.000583
5614, 0.000318
5616, 0.001007
5618, 0.000405
5620, 0.000411
5622, 0.000496
5624, 0.000677
5626, 0.000311
5628, 0.000327
5630, 0.000250
5632, 0.001485
5634, 0.000358
5636, 0.000401
5638, 0.000370
5640, 0.000547
5642, 0.000274
5644, 0.000233
5646, 0.000253
5648, 0.000498
5650, 0.000256
5652, 0.000330
5654, 0.000299
5656, 0.000373
5658, 0.000303
5660, 0.000304
5662, 0.000303
5664, 0.000993
5666, 0.000328
5668, 0.000206
5670, 0.000293
5672, 0.000483
5674, 0.000303
5676, 0.000303
5678, 0.000303
5680, 0.000724
5682, 0.000313
5684, 0.000325
5686, 0.000310
5688, 0.000370
5690, 0.000303
5692, 0.000303
5694, 0.000270
5696, 0.001590
5698, 0.000549
5700, 0.000568
5702, 0.000448
5704, 0.000751
5706, 0.000479
5708, 0.000466
5710, 0.000468
5712, 0.000800
5714, 0.000508
5716, 0.000514
5718, 0.000449
5720, 0.000748
5722, 0.000491
5724, 0.000491
5726, 0.000402
5728, 0.001265
5730, 0.000544
5732, 0.000590
5734, 0.000455
5736, 0.000689
5738, 0.000466
5740, 0.000474
5742, 0.000409
5744, 0.000921
5746, 0.000486
5748, 0.000538
5750, 0.000444
5752, 0.000613
5754, 0.000503
5756, 0.000492
5758, 0.000736
5760, 0.001422
5762, 0.000448
5764, 0.000456
5766, 0.000342
5768, 0.000624
5770, 0.000372
5772, 0.000309
5774, 0.000348
5776, 0.000767
5778, 0.000375
5780, 0.000463
5782, 0.000363
5784, 0.000735
5786, 0.000489
5788, 0.000659
5790, 0.000386
5792, 0.001529
5794, 0.000555
5796, 0.000605
5798, 0.000479
5800, 0.000741
5802, 0.000447
5804, 0.000489
5806, 0.000444
5808, 0.001199
5810, 0.000433
5812, 0.000463
5814, 0.000346
5816, 0.000477
5818, 0.000342
5820, 0.000285
5822, 0.000361
5824, 0.001365
5826, 0.000563
5828, 0.000510
5830, 0.000325
5832, 0.000622
5834, 0.000324
5836, 0.000372
5838, 0.000348
5840, 0.000666
5842, 0.000353
5844, 0.000351
5846, 0.000328
5848, 0.000431
5850, 0.000354
5852, 0.000342
5854, 0.000327
5856, 0.000954
5858, 0.000308
5860, 0.000367
5862, 0.000371
5864, 0.000483
5866, 0.000331
5868, 0.000347
5870, 0.000398
5872, 0.000807
5874, 0.000525
5876, 0.000592
5878, 0.000462
5880, 0.000900
5882, 0.000504
5884, 0.000482
5886, 0.000448
5888, 0.001386
5890, 0.000458
5892, 0.000465
5894, 0.000428
5896, 0.000648
5898, 0.000420
5900, 0.000429
5902, 0.000388
5904, 0.000808
5906, 0.000448
5908, 0.000541
5910, 0.000467
5912, 0.000541
5914, 0.000420
5916, 0.000466
5918, 0.000456
5920, 0.001136
5922, 0.000471
5924, 0.000571
5926, 0.000453
5928, 0.000643
5930, 0.000428
5932, 0.000429
5934, 0.000421
5936, 0.000870
5938, 0.000450
5940, 0.000477
5942, 0.000426
5944, 0.000528
5946, 0.000422
5948, 0.000411
5950, 0.000246
5952, 0.001153
5954, 0.000443
5956, 0.000376
5958, 0.000220
5960, 0.000491
5962, 0.000294
5964, 0.000294
5966, 0.000241
5968, 0.000721
5970, 0.000299
5972, 0.000302
5974, 0.000294
5976, 0.000304
5978, 0.000330
5980, 0.000315
5982, 0.000319
5984, 0.001116
5986, 0.000734
5988, 0.000368
5990, 0.000353
5992, 0.000790
5994, 0.000280
5996, 0.000554
5998, 0.000491
6000, 0.002123
6002, 0.000554
6004, 0.000465
6006, 0.000310
6008, 0.000773
6010, 0.000476
6012, 0.000549
6014, 0.000419
6016, 0.001503
6018, 0.000519
6020, 0.000431
6022, 0.000309
6024, 0.000712
6026, 0.000332
6028, 0.000412
6030, 0.000394
6032, 0.000792
6034, 0.000930
6036, 0.001137
6038, 0.000548
6040, 0.003975
6042, 0.000790
6044, 0.003178
6046, 0.000365
6048, 0.001580
6050, 0.000523
6052, 0.000554
6054, 0.000485
6056, 0.001451
6058, 0.000477
6060, 0.000684
6062, 0.000404
6064, 0.001748
6066, 0.000566
6068, 0.000520
6070, 0.000358
6072, 0.009733
6074, 0.000408
6076, 0.000443
6078, 0.000336
6080, 0.001350
6082, 0.000528
6084, 0.000515
6086, 0.000388
6088, 0.000789
6090, 0.000405
6092, 0.000462
6094, 0.000324
6096, 0.001018
6098, 0.000425
6100, 0.000484
6102, 0.000362
6104, 0.000641
6106, 0.000389
6108, 0.000396
6110, 0.000369
6112, 0.001302
6114, 0.000392
6116, 0.000609
6118, 0.000389
6120, 0.000618
6122, 0.000337
6124, 0.000396
6126, 0.000382
6128, 0.003842
6130, 0.000650
6132, 0.001836
6134, 0.000577
6136, 0.001648
6138, 0.001061
6140, 0.001178
6142, 0.000855
6144, 0.040914
6146, 0.000531
6148, 0.000652
6150, 0.000519
6152, 0.001281
6154, 0.000535
6156, 0.000490
6158, 0.000346
6160, 0.001157
6162, 0.000398
6164, 0.000440
6166, 0.000396
6168, 0.000632
6170, 0.000255
6172, 0.000359
6174, 0.000359
6176, 0.001435
6178, 0.000751
6180, 0.000596
6182, 0.000287
6184, 0.000391
6186, 0.000324
6188, 0.000313
6190, 0.000258
6192, 0.000492
6194, 0.000430
6196, 0.000557
6198, 0.000431
6200, 0.000597
6202, 0.000474
6204, 0.000534
6206, 0.000431
6208, 0.001411
6210, 0.000498
6212, 0.000489
6214, 0.000433
6216, 0.000706
6218, 0.000276
6220, 0.000306
6222, 0.000333
6224, 0.000853
6226, 0.000323
6228, 0.000329
6230, 0.000303
6232, 0.000361
6234, 0.000303
6236, 0.000303
6238, 0.000264
6240, 0.000886
6242, 0.000360
6244, 0.000316
6246, 0.000350
6248, 0.000476
6250, 0.000303
6252, 0.000300
6254, 0.000172
6256, 0.000748
6258, 0.000314
6260, 0.000274
6262, 0.000813
6264, 0.000865
6266, 0.000390
6268, 0.000586
6270, 0.000487
6272, 0.001425
6274, 0.000646
6276, 0.000620
6278, 0.000508
6280, 0.000742
6282, 0.000494
6284, 0.000544
6286, 0.000490
6288, 0.000937
6290, 0.000524
6292, 0.000525
6294, 0.000447
6296, 0.000624
6298, 0.000506
6300, 0.000492
6302, 0.000527
6304, 0.001215
6306, 0.000552
6308, 0.000555
6310, 0.000617
6312, 0.000654
6314, 0.000288
6316, 0.000373
6318, 0.000410
6320, 0.001029
6322, 0.000336
6324, 0.000344
6326, 0.000299
6328, 0.000402
6330, 0.000271
6332, 0.000243
6334, 0.000325
6336, 0.001216
6338, 0.000394
6340, 0.000389
6342, 0.000303
6344, 0.000505
6346, 0.000302
6348, 0.000258
6350, 0.000281
6352, 0.000452
6354, 0.000298
6356, 0.000310
6358, 0.000303
6360, 0.000347
6362, 0.000232
6364, 0.000277
6366, 0.000253
6368, 0.000877
6370, 0.000319
6372, 0.000360
6374, 0.000324
6376, 0.000450
6378, 0.000303
6380, 0.000303
6382, 0.000302
6384, 0.000432
6386, 0.000233
6388, 0.000312
6390, 0.000303
6392, 0.000349
6394, 0.000191
6396, 0.000304
6398, 0.000301
6400, 0.001329
6402, 0.000332
6404, 0.000335
6406, 0.000303
6408, 0.000377
6410, 0.000304
6412, 0.000254
6414, 0.000304
6416, 0.000729
6418, 0.000916
6420, 0.000457
6422, 0.000379
6424, 0.000638
6426, 0.000367
6428, 0.000353
6430, 0.000329
6432, 0.001423
6434, 0.001202
6436, 0.000767
6438, 0.000474
6440, 0.000701
6442, 0.000408
6444, 0.000439
6446, 0.000342
6448, 0.000720
6450, 0.000317
6452, 0.000338
6454, 0.000302
6456, 0.000403
6458, 0.000241
6460, 0.000250
6462, 0.000302
6464, 0.001153
6466, 0.000319
6468, 0.000371
6470, 0.000303
6472, 0.000496
6474, 0.000303
6476, 0.000245
6478, 0.000368
6480, 0.000501
6482, 0.000345
6484, 0.000337
6486, 0.000131
6488, 0.000432
6490, 0.000314
6492, 0.000303
6494, 0.000303
6496, 0.000699
6498, 0.000322
6500, 0.000353
6502, 0.000302
6504, 0.000448
6506, 0.000299
6508, 0.000304
6510, 0.000227
6512, 0.000674
6514, 0.000314
6516, 0.000300
6518, 0.000282
6520, 0.000368
6522, 0.000302
6524, 0.000319
6526, 0.000293
6528, 0.001310
6530, 0.000355
6532, 0.000358
6534, 0.000233
6536, 0.000387
6538, 0.000303
6540, 0.000229
6542, 0.000303
6544, 0.000840
6546, 0.000316
6548, 0.000322
6550, 0.000305
6552, 0.000359
6554, 0.000342
6556, 0.000305
6558, 0.000278
6560, 0.000661
6562, 0.000349
6564, 0.000360
6566, 0.000302
6568, 0.000520
6570, 0.000232
6572, 0.000312
6574, 0.000223
6576, 0.000584
6578, 0.000313
6580, 0.000338
6582, 0.000313
6584, 0.000528
6586, 0.000303
6588, 0.000305
6590, 0.000299
6592, 0.001151
6594, 0.000362
6596, 0.000376
6598, 0.000230
6600, 0.000298
6602, 0.000303
6604, 0.000313
6606, 0.000256
6608, 0.000832
6610, 0.000896
6612, 0.000877
6614, 0.000238
6616, 0.000646
6618, 0.000337
6620, 0.000322
6622, 0.000319
6624, 0.001208
6626, 0.000339
6628, 0.000496
6630, 0.000256
6632, 0.000747
6634, 0.000358
6636, 0.000423
6638, 0.000267
6640, 0.001046
6642, 0.000404
6644, 0.000436
6646, 0.000352
6648, 0.000534
6650, 0.000382
6652, 0.000336
6654, 0.000381
6656, 0.001432
6658, 0.000399
6660, 0.000394
6662, 0.000349
6664, 0.000522
6666, 0.000349
6668, 0.000309
6670, 0.000638
6672, 0.000555
6674, 0.000329
6676, 0.000334
6678, 0.000301
6680, 0.000469
6682, 0.000303
6684, 0.000302
6686, 0.000316
6688, 0.000677
6690, 0.000335
6692, 0.000333
6694, 0.000302
6696, 0.000434
6698, 0.000301
6700, 0.000247
6702, 0.000272
6704, 0.000659
6706, 0.000253
6708, 0.000308
6710, 0.000302
6712, 0.000328
6714, 0.000303
6716, 0.000302
6718, 0.000302
6720, 0.001084
6722, 0.000306
6724, 0.000349
6726, 0.000302
6728, 0.000408
6730, 0.000285
6732, 0.000301
6734, 0.000230
6736, 0.000608
6738, 0.000307
6740, 0.000302
6742, 0.000280
6744, 0.000353
6746, 0.000303
6748, 0.000303
6750, 0.000309
6752, 0.000623
6754, 0.000311
6756, 0.000319
6758, 0.000302
6760, 0.000359
6762, 0.000245
6764, 0.000302
6766, 0.000293
6768, 0.000454
6770, 0.000268
6772, 0.000304
6774, 0.000283
6776, 0.000257
6778, 0.000292
6780, 0.000302
6782, 0.000298
6784, 0.001760
6786, 0.000474
6788, 0.000547
6790, 0.000370
6792, 0.000767
6794, 0.000433
6796, 0.000368
6798, 0.000339
6800, 0.000956
6802, 0.000434
6804, 0.000487
6806, 0.000251
6808, 0.000847
6810, 0.000338
6812, 0.000400
6814, 0.000408
6816, 0.001171
6818, 0.000422
6820, 0.000233
6822, 0.000305
6824, 0.000470
6826, 0.000393
6828, 0.000405
6830, 0.000288
6832, 0.000842
6834, 0.000331
6836, 0.000334
6838, 0.000303
6840, 0.000478
6842, 0.000294
6844, 0.000303
6846, 0.000492
6848, 0.001261
6850, 0.000347
6852, 0.000414
6854, 0.000302
6856, 0.000537
6858, 0.000305
6860, 0.000307
6862, 0.000299
6864, 0.000808
6866, 0.000268
6868, 0.000324
6870, 0.000281
6872, 0.000342
6874, 0.000314
6876, 0.000139
6878, 0.000316
6880, 0.000926
6882, 0.000334
6884, 0.000342
6886, 0.000300
6888, 0.000418
6890, 0.000303
6892, 0.000303
6894, 0.000226
6896, 0.000639
6898, 0.000317
6900, 0.000308
6902, 0.000237
6904, 0.000361
6906, 0.000303
6908, 0.000234
6910, 0.000304
6912, 0.001324
6914, 0.000330
6916, 0.000333
6918, 0.000245
6920, 0.000361
6922, 0.000303
6924, 0.000303
6926, 0.000303
6928, 0.000568
6930, 0.000329
6932, 0.000322
6934, 0.000225
6936, 0.000335
6938, 0.000282
6940, 0.000305
6942, 0.000314
6944, 0.001107
6946, 0.001979
6948, 0.000429
6950, 0.000256
6952, 0.000602
6954, 0.000352
6956, 0.000427
6958, 0.000283
6960, 0.001292
6962, 0.000420
6964, 0.000396
6966, 0.000317
6968, 0.000926
6970, 0.000298
6972, 0.000441
6974, 0.000353
6976, 0.001400
6978, 0.000530
6980, 0.000502
6982, 0.000355
6984, 0.000638
6986, 0.000303
6988, 0.000342
6990, 0.000341
6992, 0.000733
6994, 0.000350
6996, 0.000357
6998, 0.000360
7000, 0.000583
7002, 0.000349
7004, 0.000352
7006, 0.000287
7008, 0.001187
7010, 0.000355
7012, 0.000427
7014, 0.000268
7016, 0.000554
7018, 0.000371
7020, 0.000352
7022, 0.000351
7024, 0.000594
7026, 0.000341
7028, 0.000275
7030, 0.000342
7032, 0.000443
7034, 0.000363
7036, 0.000342
7038, 0.000341
7040, 0.001418
7042, 0.000374
7044, 0.000415
7046, 0.000270
7048, 0.000535
7050, 0.000363
7052, 0.000326
7054, 0.000268
7056, 0.000851
7058, 0.000358
7060, 0.000367
7062, 0.000276
7064, 0.000416
7066, 0.000386
7068, 0.000342
7070, 0.000361
7072, 0.001555
7074, 0.000378
7076, 0.000325
7078, 0.000314
7080, 0.000493
7082, 0.000246
7084, 0.000316
7086, 0.000320
7088, 0.000767
7090, 0.000267
7092, 0.000323
7094, 0.000316
7096, 0.000346
7098, 0.000302
7100, 0.000316
7102, 0.000238
7104, 0.001163
7106, 0.000329
7108, 0.000437
7110, 0.000300
7112, 0.000300
7114, 0.000313
7116, 0.000302
7118, 0.000302
7120, 0.000918
7122, 0.000256
7124, 0.000361
7126, 0.000271
7128, 0.000355
7130, 0.000316
7132, 0.000312
7134, 0.000302
7136, 0.001014
7138, 0.000290
7140, 0.000339
7142, 0.000224
7144, 0.000566
7146, 0.000303
7148, 0.000306
7150, 0.000320
7152, 0.000824
7154, 0.000288
7156, 0.000324
7158, 0.000302
7160, 0.000392
7162, 0.000303
7164, 0.000305
7166, 0.000324
7168, 0.001420
7170, 0.000316
7172, 0.000322
7174, 0.000302
7176, 0.000378
7178, 0.000303
7180, 0.000303
7182, 0.000105
7184, 0.000631
7186, 0.000309
7188, 0.000318
7190, 0.000303
7192, 0.000379
7194, 0.000303
7196, 0.000303
7198, 0.000303
7200, 0.001022
7202, 0.000326
7204, 0.000366
7206, 0.000257
7208, 0.000463
7210, 0.000281
7212, 0.000346
7214, 0.000224
7216, 0.000347
7218, 0.000233
7220, 0.000304
7222, 0.000302
7224, 0.000344
7226, 0.000231
7228, 0.000224
7230, 0.000253
7232, 0.001161
7234, 0.000354
7236, 0.000388
7238, 0.000235
7240, 0.000493
7242, 0.000303
7244, 0.000186
7246, 0.000295
7248, 0.000583
7250, 0.000291
7252, 0.000302
7254, 0.000303
7256, 0.000353
7258, 0.000303
7260, 0.000290
7262, 0.000300
7264, 0.000896
7266, 0.000278
7268, 0.000330
7270, 0.000239
7272, 0.000439
7274, 0.000226
7276, 0.000303
7278, 0.000303
7280, 0.000492
7282, 0.000240
7284, 0.000311
7286, 0.000226
7288, 0.000343
7290, 0.000303
7292, 0.000303
7294, 0.000245
7296, 0.001541
7298, 0.000355
7300, 0.000370
7302, 0.000218
7304, 0.000494
7306, 0.000298
7308, 0.000301
7310, 0.000229
7312, 0.000796
7314, 0.000314
7316, 0.000344
7318, 0.000301
7320, 0.000319
7322, 0.000302
7324, 0.000302
7326, 0.000283
7328, 0.000921
7330, 0.000267
7332, 0.000349
7334, 0.000317
7336, 0.000408
7338, 0.000261
7340, 0.000302
7342, 0.000269
7344, 0.000699
7346, 0.000317
7348, 0.000319
7350, 0.000302
7352, 0.000287
7354, 0.000302
7356, 0.000312
7358, 0.000302
7360, 0.001101
7362, 0.000346
7364, 0.000388
7366, 0.000302
7368, 0.000465
7370, 0.000303
7372, 0.000334
7374, 0.000297
7376, 0.000700
7378, 0.000289
7380, 0.000236
7382, 0.000303
7384, 0.000329
7386, 0.000302
7388, 0.000302
7390, 0.000292
7392, 0.000748
7394, 0.000320
7396, 0.000334
7398, 0.000301
7400, 0.000680
7402, 0.000303
7404, 0.000303
7406, 0.000313
7408, 0.000484
7410, 0.000315
7412, 0.000304
7414, 0.000292
7416, 0.000317
7418, 0.000307
7420, 0.000303
7422, 0.000304
7424, 0.001307
7426, 0.000330
7428, 0.000318
7430, 0.000301
7432, 0.000358
7434, 0.000279
7436, 0.000303
7438, 0.000295
7440, 0.000335
7442, 0.000227
7444, 0.000303
7446, 0.000303
7448, 0.000347
7450, 0.000224
7452, 0.000288
7454, 0.000302
7456, 0.000955
7458, 0.000329
7460, 0.000356
7462, 0.000302
7464, 0.000404
7466, 0.000291
7468, 0.000232
7470, 0.000287
7472, 0.000507
7474, 0.000262
7476, 0.000306
7478, 0.000263
7480, 0.000314
7482, 0.000292
7484, 0.000303
7486, 0.000234
7488, 0.001124
7490, 0.000222
7492, 0.000356
7494, 0.000304
7496, 0.000904
7498, 0.000305
7500, 0.000308
7502, 0.000236
7504, 0.000783
7506, 0.000340
7508, 0.000424
7510, 0.000324
7512, 0.000585
7514, 0.000348
7516, 0.000352
7518, 0.000303
7520, 0.001255
7522, 0.000360
7524, 0.000422
7526, 0.000320
7528, 0.000535
7530, 0.000310
7532, 0.000314
7534, 0.000328
7536, 0.000549
7538, 0.000287
7540, 0.000417
7542, 0.000330
7544, 0.000549
7546, 0.000310
7548, 0.000264
7550, 0.000304
7552, 0.001324
7554, 0.000334
7556, 0.000396
7558, 0.000281
7560, 0.000479
7562, 0.000304
7564, 0.000304
7566, 0.000299
7568, 0.000644
7570, 0.000253
7572, 0.000326
7574, 0.000228
7576, 0.000347
7578, 0.000311
7580, 0.000276
7582, 0.000303
7584, 0.001318
7586, 0.000441
7588, 0.000381
7590, 0.000297
7592, 0.000495
7594, 0.000303
7596, 0.000325
7598, 0.000246
7600, 0.000783
7602, 0.000318
7604, 0.000322
7606, 0.000304
7608, 0.000371
7610, 0.000244
7612, 0.000325
7614, 0.000302
7616, 0.001163
7618, 0.000352
7620, 0.000374
7622, 0.000248
7624, 0.000507
7626, 0.000196
7628, 0.000270
7630, 0.000230
7632, 0.000483
7634, 0.000306
7636, 0.000312
7638, 0.000325
7640, 0.000342
7642, 0.000283
7644, 0.000264
7646, 0.000301
7648, 0.001030
7650, 0.000311
7652, 0.000355
7654, 0.000129
7656, 0.000454
7658, 0.000324
7660, 0.000310
7662, 0.000301
7664, 0.000861
7666, 0.000273
7668, 0.000340
7670, 0.000304
7672, 0.000436
7674, 0.000242
7676, 0.000306
7678, 0.000304
7680, 0.001442
7682, 0.000196
7684, 0.000324
7686, 0.000303
7688, 0.000424
7690, 0.000303
7692, 0.000304
7694, 0.000243
7696, 0.000452
7698, 0.000233
7700, 0.000253
7702, 0.000229
7704, 0.000349
7706, 0.000316
7708, 0.000303
7710, 0.000127
7712, 0.001239
7714, 0.000525
7716, 0.000391
7718, 0.000275
7720, 0.000484
7722, 0.000311
7724, 0.000303
7726, 0.000302
7728, 0.000740
7730, 0.000256
7732, 0.000303
7734, 0.000297
7736, 0.000388
7738, 0.000301
7740, 0.000304
7742, 0.000261
7744, 0.001139
7746, 0.000374
7748, 0.000386
7750, 0.000226
7752, 0.000495
7754, 0.000246
7756, 0.000303
7758, 0.000302
7760, 0.000641
7762, 0.000239
7764, 0.000323
7766, 0.000295
7768, 0.000380
7770, 0.000302
7772, 0.000244
7774, 0.000227
7776, 0.001041
7778, 0.000368
7780, 0.000459
7782, 0.000300
7784, 0.000532
7786, 0.000294
7788, 0.000301
7790, 0.000283
7792, 0.000519
7794, 0.000310
7796, 0.000190
7798, 0.000303
7800, 0.000395
7802, 0.000337
7804, 0.000624
7806, 0.000375
7808, 0.001504
7810, 0.000419
7812, 0.000473
7814, 0.000331
7816, 0.000640
7818, 0.000333
7820, 0.000337
7822, 0.000332
7824, 0.000735
7826, 0.000344
7828, 0.000351
7830, 0.000330
7832, 0.000445
7834, 0.000352
7836, 0.000334
7838, 0.000311
7840, 0.001125
7842, 0.000396
7844, 0.000387
7846, 0.000333
7848, 0.000576
7850, 0.000337
7852, 0.000441
7854, 0.000330
7856, 0.000648
7858, 0.000337
7860, 0.000346
7862, 0.000330
7864, 0.000415
7866, 0.000331
7868, 0.000334
7870, 0.000331
7872, 0.001284
7874, 0.000406
7876, 0.000473
7878, 0.000332
7880, 0.001019
7882, 0.000296
7884, 0.000157
7886, 0.000268
7888, 0.000709
7890, 0.000269
7892, 0.000327
7894, 0.000327
7896, 0.000345
7898, 0.000226
7900, 0.000303
7902, 0.000293
7904, 0.001020
7906, 0.000366
7908, 0.000351
7910, 0.000302
7912, 0.000453
7914, 0.000274
7916, 0.000302
7918, 0.000247
7920, 0.000660
7922, 0.000314
7924, 0.000361
7926, 0.000310
7928, 0.000460
7930, 0.000304
7932, 0.000272
7934, 0.000294
7936, 0.001372
7938, 0.000347
7940, 0.000279
7942, 0.000291
7944, 0.000421
7946, 0.000278
7948, 0.000321
7950, 0.000267
7952, 0.000692
7954, 0.000312
7956, 0.000311
7958, 0.000300
7960, 0.000392
7962, 0.000293
7964, 0.000303
7966, 0.000232
7968, 0.001038
7970, 0.000285
7972, 0.000541
7974, 0.000226
7976, 0.000721
7978, 0.000285
7980, 0.000248
7982, 0.000303
7984, 0.000537
7986, 0.000324
7988, 0.000312
7990, 0.000313
7992, 0.000384
7994, 0.000303
7996, 0.000313
7998, 0.000312
8000, 0.001091
8002, 0.000362
8004, 0.000372
8006, 0.000284
8008, 0.000513
8010, 0.000304
8012, 0.000245
8014, 0.000302
8016, 0.000857
8018, 0.000240
8020, 0.000382
8022, 0.000304
8024, 0.000461
8026, 0.000296
8028, 0.000328
8030, 0.000327
8032, 0.001133
8034, 0.000313
8036, 0.000372
8038, 0.000270
8040, 0.000523
8042, 0.000370
8044, 0.000327
8046, 0.000238
8048, 0.000705
8050, 0.000310
8052, 0.000332
8054, 0.000303
8056, 0.000425
8058, 0.000306
8060, 0.000325
8062, 0.000359
8064, 0.001565
8066, 0.000402
8068, 0.000530
8070, 0.000341
8072, 0.000666
8074, 0.000335
8076, 0.000335
8078, 0.000269
8080, 0.000870
8082, 0.000373
8084, 0.000374
8086, 0.000322
8088, 0.000409
8090, 0.000305
8092, 0.000308
8094, 0.000236
8096, 0.001063
8098, 0.000290
8100, 0.000351
8102, 0.000301
8104, 0.000431
8106, 0.000303
8108, 0.000274
8110, 0.000310
8112, 0.000559
8114, 0.000242
8116, 0.000310
8118, 0.000224
8120, 0.000345
8122, 0.000302
8124, 0.000223
8126, 0.000303
8128, 0.001021
8130, 0.000324
8132, 0.000267
8134, 0.000297
8136, 0.000516
8138, 0.000303
8140, 0.000302
8142, 0.000252
8144, 0.000681
8146, 0.000327
8148, 0.000312
8150, 0.000283
8152, 0.000331
8154, 0.000484
8156, 0.000395
8158, 0.000236
8160, 0.001091
8162, 0.000295
8164, 0.000381
8166, 0.000245
8168, 0.000472
8170, 0.000255
8172, 0.000305
8174, 0.000300
8176, 0.000424
8178, 0.000309
8180, 0.000246
8182, 0.000306
8184, 0.000243
8186, 0.000337
8188, 0.000329
8190, 0.000394
8192, 0.037938
